Miejsce,Imię i nazwisko piłkarza,Wynik metodą STRAHL'a
1,Mohamed Salah,7.469137875820469
2,Joshua Kimmich,7.437048732778716
3,Marco Verratti,7.351967691180075
4,João Cancelo,7.351041992975453
5,Renato Sanches,7.316526461276078
6,Kylian Mbappé,7.305530674126798
7,Sergi Darder,7.271576331636803
8,Federico Valverde,7.232563503540611
9,Ángel Correa,7.2108881345939455
10,Franck Yannick Kessié,7.185112172507571
